{
 "templeR0013": [
  [
   0.9999999980543973,
   -6.182395939333003e-05,
   -8.306828937639938e-06,
   1.0917458006064449e-06
  ],
  [
   6.182375418563832e-05,
   0.9999999977838302,
   -2.4701479622634973e-05,
   -1.9898672742991185e-06
  ],
  [
   8.308356062489257e-06,
   2.470096601523028e-05,
   0.9999999996604167,
   -1.149292157878972e-05
  ]
 ],
 "templeR0042": [
  [
   -0.999847037955224,
   -0.009192063507382196,
   0.01487973993861767,
   0.018591536602462336
  ],
  [
   0.01013038326433276,
   -0.9978814593944318,
   0.06426482966410466,
   -0.9990698769674677
  ],
  [
   0.014257490209793867,
   0.06440573705280386,
   0.9978219405322796,
   0.03903046337995972
  ]
 ],
 "templeR0044": [
  [
   -0.999147839442058,
   -0.040422097863505924,
   0.008345594201779235,
   0.0928615648647117
  ],
  [
   0.040672234680898534,
   -0.9298103170400227,
   0.36578483245207777,
   -4.520637363383164
  ],
  [
   -0.0070259707037202785,
   0.36581255901109494,
   0.9306620264120724,
   0.713708592133122
  ]
 ],
 "templeR0032": [
  [
   -0.9846087680433158,
   0.06666050055022603,
   0.16156098402342528,
   -1.6164307850679909
  ],
  [
   0.08058719268279545,
   -0.647109888258671,
   0.7581256471676421,
   -9.073945833615046
  ],
  [
   0.15508474543851875,
   0.7594769056292914,
   0.6317780872648445,
   4.028341989840265
  ]
 ],
 "templeR0034": [
  [
   -0.9825520348357629,
   0.06378316663949847,
   0.17470891933023783,
   -1.7693535014052983
  ],
  [
   0.112420980469585,
   -0.5446535873556169,
   0.8310920484103519,
   -9.963193883752645
  ],
  [
   0.14816552227275673,
   0.8362321313093006,
   0.527979924405792,
   5.167143349488249
  ]
 ],
 "templeR0036": [
  [
   -0.9840922105870556,
   0.01827219137116469,
   0.17671629263986283,
   -1.8161414076537368
  ],
  [
   0.1583735355887263,
   -0.36048983344256136,
   0.9192197252070261,
   -11.006197975088199
  ],
  [
   0.08050058563146327,
   0.9325841554557152,
   0.35186140553624445,
   7.36988085900813
  ]
 ],
 "templeR0038": [
  [
   -0.9809971801968709,
   -0.005792287325241674,
   0.19393550952141228,
   -2.032167015060061
  ],
  [
   0.19344417544398504,
   -0.10628362797899327,
   0.9753374500194382,
   -11.635250334403167
  ],
  [
   0.014962734796309218,
   0.9943189829381541,
   0.10538442359405198,
   10.272692763750134
  ]
 ],
 "templeR0015": [
  [
   0.9991063465079641,
   -0.04148237898335745,
   -0.008106824371420376,
   0.08781290385734412
  ],
  [
   0.04197582445410854,
   0.9513208758332697,
   0.30533034792699276,
   -3.5868480540078624
  ],
  [
   -0.004953637946581779,
   -0.30539777903203835,
   0.9522119816686789,
   0.5016801102199229
  ]
 ],
 "templeR0017": [
  [
   0.9965879213539834,
   -0.08010598224572121,
   -0.01988835387342798,
   0.22417242706789214
  ],
  [
   0.07769842678594222,
   0.8292144121806784,
   0.5535037606980115,
   -6.518660278071673
  ],
  [
   -0.027847252761018945,
   -0.5531604561429715,
   0.8326091761885426,
   1.8570665659432273
  ]
 ],
 "templeR0019": [
  [
   0.9880820070004546,
   -0.15361376356871081,
   -0.009836619551963605,
   0.12716605895331415
  ],
  [
   0.10792379626985814,
   0.6457922703008849,
   0.7558470730368221,
   -8.9197141170169
  ],
  [
   -0.10975610069903184,
   -0.7479004982361526,
   0.654674303067914,
   3.863630591582526
  ]
 ],
 "templeR0021": [
  [
   0.9870198837511102,
   -0.14901984194957216,
   -0.05987349818800884,
   0.7003196143746752
  ],
  [
   0.12336407923786882,
   0.46482150221194735,
   0.8767680850916173,
   -10.391952137676165
  ],
  [
   -0.10282535209634729,
   -0.8727737723985254,
   0.47717176066853434,
   5.990158118893578
  ]
 ]
}