{
 "templeR0013": [
  [
   0.9999999974892165,
   -7.027145397245158e-05,
   -9.13727609505302e-06,
   1.4157195375063867e-06
  ],
  [
   7.027166527217339e-05,
   0.9999999972635231,
   2.3126758970047785e-05,
   2.357491722277873e-06
  ],
  [
   9.135650919076733e-06,
   -2.312740100358632e-05,
   0.9999999996908316,
   -1.4185672554848353e-05
  ]
 ],
 "templeR0042": [
  [
   -0.9998477423052129,
   -0.009173867707544577,
   0.014843596547098253,
   0.01858535761369077
  ],
  [
   0.0101097523254122,
   -0.9978823128270683,
   0.06425482592630684,
   -0.9990638016255434
  ],
  [
   0.014222697180471044,
   0.06439510771934186,
   0.9978231230968383,
   0.039123704687314124
  ]
 ],
 "templeR0044": [
  [
   -0.9989930238594047,
   -0.03223062874881917,
   0.031210973241771453,
   -0.17119105411931812
  ],
  [
   0.04177248594259621,
   -0.9220060134885845,
   0.38491553685070146,
   -4.737298969875976
  ],
  [
   0.0163706352478572,
   0.38583169602994505,
   0.9224239289178473,
   0.9657408978652564
  ]
 ],
 "templeR0032": [
  [
   -0.9786445056641312,
   0.08740540917262099,
   0.1860516755656207,
   -1.8952974924180241
  ],
  [
   0.08559984668006654,
   -0.6496034884809152,
   0.7554389280423498,
   -9.054669328597702
  ],
  [
   0.1868892660956144,
   0.7552321511964332,
   0.6282489952379159,
   4.086974811568787
  ]
 ],
 "templeR0034": [
  [
   -0.9915355587302551,
   -0.12258123588667462,
   0.04279107829882614,
   -0.3369085925368529
  ],
  [
   0.0953133014029459,
   -0.46343080852798957,
   0.8809922021691027,
   -10.501753363434862
  ],
  [
   -0.0881624089346022,
   0.8776136543579921,
   0.4711917479490264,
   6.205491769042311
  ]
 ],
 "templeR0036": [
  [
   -0.9804850701241332,
   -0.1871489928003391,
   0.06020200791910702,
   -0.5720527007100212
  ],
  [
   0.10123458542734227,
   -0.2181347119117073,
   0.9706538034606113,
   -11.52271125149602
  ],
  [
   -0.1685247340215309,
   0.9578060878659184,
   0.2328237790045452,
   9.02635074365273
  ]
 ],
 "templeR0038": [
  [
   -0.9838628819735031,
   -0.14212000830923677,
   0.1087001964716496,
   -1.1101217549980396
  ],
  [
   0.10357416298356376,
   0.04300380734615816,
   0.9936916349230219,
   -11.756950158825088
  ],
  [
   -0.14589798571963536,
   0.9889148475940265,
   -0.02758988892757841,
   12.050147144432042
  ]
 ],
 "templeR0015": [
  [
   0.9991065881201308,
   -0.04147650228230519,
   -0.008107116218316262,
   0.08781264369490811
  ],
  [
   0.0419703236028372,
   0.9513214673890147,
   0.3053292609978367,
   -3.5868488532459146
  ],
  [
   -0.004951516093529425,
   -0.30539673449995813,
   0.9522123277111768,
   0.5016778897137596
  ]
 ],
 "templeR0017": [
  [
   0.9965273197222101,
   -0.08076573132838488,
   -0.020253337756017235,
   0.22419964191242667
  ],
  [
   0.07845720921544652,
   0.8293039410868689,
   0.5532625413128117,
   -6.518818470063449
  ],
  [
   -0.027888480944501425,
   -0.5529302577547898,
   0.8327606875266327,
   1.856867723903082
  ]
 ],
 "templeR0019": [
  [
   -0.9789780183782607,
   -0.0753065402544694,
   0.1895546478646089,
   -2.0751617825215325
  ],
  [
   -0.11029556712127794,
   -0.5862906656690334,
   -0.8025572523021379,
   9.424622454038598
  ],
  [
   0.17157193070420806,
   -0.80659294588055,
   0.5656596965050334,
   -17.04222474370828
  ]
 ],
 "templeR0021": [
  [
   -0.9819612818816741,
   -0.08467100889350472,
   0.16906466555213565,
   -1.8567133790059778
  ],
  [
   -0.10768623107179355,
   -0.4845258708073179,
   -0.8681234682670215,
   10.27563655612282
  ],
  [
   0.15542109420169362,
   -0.8706695703717721,
   0.4666677433740002,
   -16.139158608063276
  ]
 ]
}