{
 "templeR0013": [
  [
   1.0,
   0.0,
   0.0,
   0.0
  ],
  [
   0.0,
   1.0,
   0.0,
   0.0
  ],
  [
   0.0,
   0.0,
   1.0,
   0.0
  ]
 ],
 "templeR0042": [
  [
   -0.9998474314100425,
   -0.009195563812719729,
   0.014851111369413653,
   0.018584824011894513
  ],
  [
   0.010132054209695485,
   -0.9978813441815281,
   0.06426635520985746,
   -0.999061239666152
  ],
  [
   0.014228681605557061,
   0.06440702244813053,
   0.9978222687829398,
   0.039131109276110285
  ]
 ],
 "templeR0044": [
  [
   -0.9991512808402986,
   -0.040332113195543334,
   0.008368909150699093,
   0.09287716548507158
  ],
  [
   0.04059686938499006,
   -0.929805541999486,
   0.36580534203751053,
   -4.520658314201118
  ],
  [
   -0.006972244353781096,
   0.365834627546688,
   0.9306537557526142,
   0.7136606478618234
  ]
 ],
 "templeR0032": [
  [
   -0.9846069616541343,
   0.06634785394251855,
   0.16170062875399155,
   -1.6164497625696777
  ],
  [
   0.08089093881764978,
   -0.6471296020891496,
   0.7580764698347642,
   -9.073762308960314
  ],
  [
   0.15493801044099287,
   0.7594874853328137,
   0.6318013711155,
   4.028488627964572
  ]
 ],
 "templeR0034": [
  [
   -0.982527379196844,
   0.06393924553554527,
   0.174790508921184,
   -1.7693719685156435
  ],
  [
   0.11244121251481985,
   -0.5444586649767311,
   0.8312170209156889,
   -9.963632795898889
  ],
  [
   0.14831359633148397,
   0.8363471378632804,
   0.5277561388853008,
   5.166832688740652
  ]
 ],
 "templeR0036": [
  [
   -0.9841281552294134,
   0.018353000884777343,
   0.17650762432052314,
   -1.8161354834949537
  ],
  [
   0.15811420888165387,
   -0.36090590352821084,
   0.9191010965874289,
   -11.005932464687072
  ],
  [
   0.0805709068738853,
   0.932421630034937,
   0.35227579083512117,
   7.370063228761542
  ]
 ],
 "templeR0038": [
  [
   -0.9809532145700794,
   -0.005897780131032482,
   0.19415459565550766,
   -2.0320977374551354
  ],
  [
   0.19367718271840836,
   -0.10601135945302576,
   0.9753208398066666,
   -11.635060029984
  ],
  [
   0.01483036475909924,
   0.9943474281439295,
   0.10513444927646065,
   10.272649146250481
  ]
 ],
 "templeR0015": [
  [
   0.9991055761473188,
   -0.041505517661003064,
   -0.008083298523897338,
   0.08781575476848819
  ],
  [
   0.04199067785277806,
   0.9513205776799414,
   0.3053292345258913,
   -3.5868459517662687
  ],
  [
   -0.004983039714721499,
   -0.30539556395991524,
   0.9522125386849339,
   0.5016869179796438
  ]
 ],
 "templeR0017": [
  [
   0.9966001888863205,
   -0.07993378026371571,
   -0.0199663287687589,
   0.22416428487840534
  ],
  [
   0.07759735879946984,
   0.8292059896130078,
   0.553530556245325,
   -6.5186825751584205
  ],
  [
   -0.027689590446528727,
   -0.5531979912858185,
   0.8325894961013135,
   1.8570342131139839
  ]
 ],
 "templeR0019": [
  [
   0.9880616154866733,
   -0.15374684088022336,
   -0.009805759594077153,
   0.12716887424084058
  ],
  [
   0.10798918975958602,
   0.6457915051028665,
   0.7558383867150719,
   -8.91971084113085
  ],
  [
   -0.10987528792651094,
   -0.7478738134580764,
   0.6546847945742598,
   3.8636355543518537
  ]
 ],
 "templeR0021": [
  [
   0.9870280155347257,
   -0.14896553289991551,
   -0.059874590248496826,
   0.700320252116597
  ],
  [
   0.12334068581368625,
   0.4648385866498876,
   0.876762318752548,
   -10.391933885472406
  ],
  [
   -0.10277534613218649,
   -0.8727739445980152,
   0.477182218715482,
   5.990166700230288
  ]
 ]
}