{
 "templeR0013": [
  [
   1.0,
   0.0,
   0.0,
   0.0
  ],
  [
   0.0,
   1.0,
   0.0,
   0.0
  ],
  [
   0.0,
   0.0,
   1.0,
   0.0
  ]
 ],
 "templeR0042": [
  [
   -0.9998474314100428,
   -0.009195563812720114,
   0.01485111136941497,
   0.01858482401189317
  ],
  [
   0.01013205420969662,
   -0.9978813441815275,
   0.06426635520985909,
   -0.9990612396661521
  ],
  [
   0.014228681605557972,
   0.06440702244813216,
   0.9978222687829401,
   0.03913110927610864
  ]
 ],
 "templeR0044": [
  [
   -0.9990070061668521,
   -0.03190944208192001,
   0.03109323295451225,
   -0.1711917374411886
  ],
  [
   0.041431388744294195,
   -0.9220028308049142,
   0.38496002391734624,
   -4.737254529269742
  ],
  [
   0.016384189215891843,
   0.38586599680944317,
   0.9224093401792897,
   0.9658262539239244
  ]
 ],
 "templeR0032": [
  [
   -0.978591483103102,
   0.08694274646634162,
   0.186546691299955,
   -1.8954461673391603
  ],
  [
   0.08646733977275115,
   -0.6488417449131141,
   0.7559945695643118,
   -9.054682355049499
  ],
  [
   0.1867675248823919,
   0.7559400431879468,
   0.6274332974542481,
   4.086785873463122
  ]
 ],
 "templeR0034": [
  [
   -0.9916712253201491,
   -0.12165865961156722,
   0.04227707905651773,
   -0.3368125476545371
  ],
  [
   0.09449431159480848,
   -0.46420961884885914,
   0.8806703440246073,
   -10.501939508772628
  ],
  [
   -0.08751574685882232,
   0.8773303826436845,
   0.4718393728187894,
   6.20555354827369
  ]
 ],
 "templeR0036": [
  [
   -0.9802851734115361,
   -0.18807454894540482,
   0.06057179895378078,
   -0.5720879789318504
  ],
  [
   0.10181165312943737,
   -0.21806750877729775,
   0.9706085456571639,
   -11.522257967425052
  ],
  [
   -0.16933802312701607,
   0.9576400814787601,
   0.23291652639688043,
   9.026444938699353
  ]
 ],
 "templeR0038": [
  [
   -0.9839698750582427,
   -0.14157178024958747,
   0.10844683496916184,
   -1.1100685137463888
  ],
  [
   0.10331102837639564,
   0.04315843596398172,
   0.9937123229692557,
   -11.756776111932457
  ],
  [
   -0.14536201840122365,
   0.9889867443207241,
   -0.027840674636526508,
   12.050080942467574
  ]
 ],
 "templeR0015": [
  [
   0.9991055761473185,
   -0.041505517661006686,
   -0.008083298523901807,
   0.08781575476853044
  ],
  [
   0.04199067785278286,
   0.9513205776799398,
   0.30532923452589567,
   -3.5868459517662528
  ],
  [
   -0.00498303971471853,
   -0.30539556395991974,
   0.9522125386849326,
   0.5016869179796277
  ]
 ],
 "templeR0017": [
  [
   0.9966001888863201,
   -0.0799337802637201,
   -0.019966328768765,
   0.224164284878468
  ],
  [
   0.07759735879947686,
   0.8292059896130066,
   0.5535305562453257,
   -6.518682575158309
  ],
  [
   -0.027689590446526177,
   -0.5531979912858196,
   0.8325894961013128,
   1.857034213113948
  ]
 ],
 "templeR0019": [
  [
   -0.9790134691265442,
   -0.07383997645731175,
   0.18994811171894507,
   -2.075111652430556
  ],
  [
   -0.11140969482963614,
   -0.5865338570579197,
   -0.8022256007026497,
   9.424079155169844
  ],
  [
   0.17064731807671793,
   -0.8065517295261001,
   0.56599805691511,
   -17.041809402345248
  ]
 ],
 "templeR0021": [
  [
   -0.9819227206750796,
   -0.08579691984592436,
   0.16872065423949062,
   -1.856791816182164
  ],
  [
   -0.10688064159102284,
   -0.48434690228001254,
   -0.8683228700805061,
   10.276157152021863
  ],
  [
   0.15621875391623452,
   -0.870658926788618,
   0.4664211981976709,
   -16.139452549117408
  ]
 ]
}