{
 "templeR0032": [
  [
   1.0,
   0.0,
   0.0,
   0.0
  ],
  [
   0.0,
   1.0,
   0.0,
   0.0
  ],
  [
   0.0,
   0.0,
   1.0,
   0.0
  ]
 ],
 "templeR0047": [
  [
   0.9999209260556869,
   -0.003938923868437638,
   -0.011942634328150965,
   0.2327893659499346
  ],
  [
   0.0033627388936073588,
   0.9988470485897072,
   -0.047888051858111416,
   0.9711977691884102
  ],
  [
   0.012117492441536967,
   0.0478441052000181,
   0.998781311386301,
   0.05083310165712185
  ]
 ],
 "templeR0033": [
  [
   0.999874732576895,
   0.009663652321357533,
   -0.012535269366656318,
   0.24657720615191162
  ],
  [
   -0.008566563394656179,
   0.9963611232839434,
   0.08480050707374223,
   -1.723049699738972
  ],
  [
   0.013309137683863968,
   -0.08468250015304454,
   0.9963190959837824,
   0.06393897497232494
  ]
 ],
 "templeR0034": [
  [
   0.9997421407427164,
   0.02029225167492655,
   0.010191984356935748,
   -0.18937730965375413
  ],
  [
   -0.022002691752300088,
   0.9766312489352696,
   0.2137926218530208,
   -4.346541469005677
  ],
  [
   -0.0056154767227589945,
   -0.213961744536487,
   0.9768258996853427,
   0.3418070968521406
  ]
 ],
 "templeR0035": [
  [
   0.999309821797235,
   0.03691880792124162,
   0.004108732317011771,
   -0.07193738193270095
  ],
  [
   -0.03621032840231651,
   0.9434631740138448,
   0.3294936287649854,
   -6.708097081531236
  ],
  [
   0.008288074358666206,
   -0.3294149979909781,
   0.9441488584550792,
   0.995630767458139
  ]
 ],
 "templeR0036": [
  [
   0.9984469250848038,
   0.05559234691701845,
   0.003637135268033295,
   -0.06306090168946796
  ],
  [
   -0.05140085140710303,
   0.894052655578733,
   0.4450031477722831,
   -9.065200582596942
  ],
  [
   0.021486978925037738,
   -0.4444989763957544,
   0.8955216187897429,
   1.9691197346433367
  ]
 ],
 "templeR0046": [
  [
   0.9994772299661662,
   -0.018653112616566443,
   -0.02640697197470871,
   0.5098745237833702
  ],
  [
   0.013287058030166754,
   0.9816024140479146,
   -0.19047350163266616,
   3.851700059586305
  ],
  [
   0.029474071114495577,
   0.19002305682474427,
   0.981337106710491,
   0.4235549818020571
  ]
 ],
 "templeR0045": [
  [
   0.9990418295930521,
   -0.03448731033939345,
   -0.026945280642841754,
   0.5173434195055674
  ],
  [
   0.023863489272990243,
   0.945351678422629,
   -0.3251780096858275,
   6.570528087678439
  ],
  [
   0.03668728121686066,
   0.32422342532437814,
   0.9452688579805443,
   1.1765688923339832
  ]
 ],
 "templeR0044": [
  [
   0.998613310754035,
   -0.04832669039863795,
   -0.020880291664131745,
   0.38925728722109143
  ],
  [
   0.03367199681438089,
   0.8912217704515635,
   -0.4523162085352603,
   9.134135197424307
  ],
  [
   0.040467915876621796,
   0.4509859053987108,
   0.891613178971861,
   2.276454755667913
  ]
 ],
 "templeR0037": [
  [
   0.9978620565168078,
   0.060206192777008845,
   0.02542696433600934,
   -0.49359211074977744
  ],
  [
   -0.06405827833899314,
   0.8238754655671782,
   0.5631391961253536,
   -11.469289154155613
  ],
  [
   0.012955814921923102,
   -0.563564043909619,
   0.8259707714392477,
   3.3061901414860824
  ]
 ],
 "templeR0038": [
  [
   0.9965820212533738,
   0.07719275062979573,
   0.029420301914599125,
   -0.5751369113764171
  ],
  [
   -0.07714149794527105,
   0.7421903465475962,
   0.6657346909890747,
   -13.568253708834765
  ],
  [
   0.029554427913592533,
   -0.6657287501240765,
   0.7456083201312437,
   4.926202753893892
  ]
 ],
 "templeR0043": [
  [
   0.9978097928004659,
   -0.06451268512330674,
   -0.014619536575152265,
   0.26032040871327233
  ],
  [
   0.04495661120022439,
   0.8234973098339019,
   -0.565536103008215,
   11.413718840480474
  ],
  [
   0.04852340157988716,
   0.5636402169420734,
   0.8245939517996779,
   3.6874704850796616
  ]
 ],
 "templeR0039": [
  [
   0.9954360647047042,
   0.08575489950053121,
   0.041870494347042354,
   -0.8266476700313938
  ],
  [
   -0.08752282726600806,
   0.6455047489003799,
   0.7587248340830962,
   -15.474334765415334
  ],
  [
   0.0380367689555308,
   -0.7589266870776855,
   0.6500642182497912,
   6.823123584081449
  ]
 ],
 "templeR0042": [
  [
   0.9970569092999408,
   -0.07660613227657499,
   -0.0030033506078260136,
   0.02110635677945522
  ],
  [
   0.05519005819224042,
   0.7444075203676181,
   -0.6654408321532962,
   13.422775953180633
  ],
  [
   0.05321256518893588,
   0.6633166243339285,
   0.7464445584155968,
   5.281386938852334
  ]
 ],
 "templeR0013": [
  [
   -0.995440861378229,
   0.09505814050586588,
   0.007838457892767818,
   0.22043352669237584
  ],
  [
   -0.06246645102886984,
   -0.7118296057099631,
   0.6995688350195828,
   -14.534545192962065
  ],
  [
   0.07207935900399948,
   0.6958897630791572,
   0.7145222205412557,
   5.944477261127508
  ]
 ],
 "templeR0014": [
  [
   -0.9942791992837098,
   0.10652837437277085,
   -0.007783272142217364,
   0.5387274208480831
  ],
  [
   -0.07215036136736008,
   -0.6161060947244447,
   0.7843517102664805,
   -16.23771284195773
  ],
  [
   0.07876039122747164,
   0.780426156338246,
   0.6202675352433072,
   7.8657636119537555
  ]
 ],
 "templeR0015": [
  [
   -0.9927725767356449,
   0.1172530574631977,
   -0.02557990221248097,
   0.9075725788438128
  ],
  [
   -0.0823293239254449,
   -0.5103242279398581,
   0.8560321634141831,
   -17.67457795839269
  ],
  [
   0.08731834459978725,
   0.8519512326965198,
   0.5162892636916177,
   10.055696767589781
  ]
 ],
 "templeR0016": [
  [
   -0.9912360922124936,
   0.12391288962881272,
   -0.0457887025273974,
   1.3153285135947137
  ],
  [
   -0.09135432032075069,
   -0.39261404932914523,
   0.915154957604506,
   -18.853726241657352
  ],
  [
   0.09542220734209877,
   0.9113176197425402,
   0.4004931938157654,
   12.431544539450849
  ]
 ],
 "templeR0017": [
  [
   -0.9889234536688306,
   0.13484744135179527,
   -0.062020725121417694,
   1.653152156897433
  ],
  [
   -0.09734041558585152,
   -0.2737707410353021,
   0.956856533053182,
   -19.684371489044008
  ],
  [
   0.11205019534693385,
   0.9522949904907909,
   0.283864412719978,
   14.805061924326052
  ]
 ],
 "templeR0018": [
  [
   -0.9891551642356987,
   0.12417102420672727,
   -0.07844499865064901,
   1.9711467760758787
  ],
  [
   -0.09974671052711742,
   -0.17588953165228716,
   0.9793433853323147,
   -20.150812939311898
  ],
  [
   0.1078084171336701,
   0.9765471977342374,
   0.1863676897762626,
   16.79828032559379
  ]
 ],
 "templeR0019": [
  [
   -0.9860931179045794,
   0.14201290480347908,
   -0.08632900839522692,
   2.1451982577220687
  ],
  [
   -0.10364125228175226,
   -0.11940323723140245,
   0.9874215704369294,
   -20.383490105038593
  ],
  [
   0.12991864241399442,
   0.9826368616167112,
   0.13246110578341586,
   17.83166372894841
  ]
 ],
 "templeR0020": [
  [
   -0.9868362507901327,
   0.12057990600327019,
   -0.1077715194043259,
   2.5609333004058947
  ],
  [
   -0.11241910290224742,
   -0.032409032208902566,
   0.9931322167435392,
   -20.546984588127817
  ],
  [
   0.11625901870017814,
   0.9921744508399342,
   0.04553789269769504,
   19.676243366524268
  ]
 ],
 "templeR0021": [
  [
   -0.9822264485105122,
   0.13535012551667946,
   -0.1300444053738761,
   3.0289805071171463
  ],
  [
   -0.12401400657887916,
   0.052106694126260567,
   0.990911408047907,
   -20.547277644047547
  ],
  [
   0.14089616750884185,
   0.9894267208590292,
   -0.034395261758983,
   21.352225042539942
  ]
 ],
 "templeR0022": [
  [
   -0.9810806856720327,
   0.1233604232459944,
   -0.14920755402412925,
   3.4164859563269037
  ],
  [
   -0.1331447784905617,
   0.12957240441556894,
   0.9825901790546594,
   -20.423506269706838
  ],
  [
   0.14054592189741252,
   0.9838664533312118,
   -0.11069618714061025,
   23.002482510779057
  ]
 ],